department_indec_id,department_name,province_indec_id,province_name,centroid_lat,centroid_lon
06014,Adolfo Gonzales Chaves,06,Buenos Aires,-37.9646159068483,-60.2482821323384
30015,Concordia,30,Entre Ríos,-31.2902983724746,-58.2378696898985
30035,Federal,30,Entre Ríos,-30.9924267798293,-58.8918600477175
30056,Gualeguaychú,30,Entre Ríos,-33.0223490410459,-58.7858051710614
30063,Islas del Ibicuy,30,Entre Ríos,-33.6249961546235,-58.9338958542555
30105,Victoria,30,Entre Ríos,-32.7839424597941,-60.2180700308372
30021,Diamante,30,Entre Ríos,-32.228040549074,-60.5239335893593
30098,Uruguay,30,Entre Ríos,-32.4477599400377,-58.5842252100111
30084,Paraná,30,Entre Ríos,-31.6952294494901,-60.0411744815271
06707,Saladillo,06,Buenos Aires,-35.676806451923,-59.7026607444531
06455,Las Flores,06,Buenos Aires,-36.015826657022,-59.1764609497072
06686,Rojas,06,Buenos Aires,-34.1928173894529,-60.7880234647739
06252,Escobar,06,Buenos Aires,-34.3286828340822,-58.7711786108511
06412,José C. Paz,06,Buenos Aires,-34.511853162718,-58.7776345982883
06056,Bahía Blanca,06,Buenos Aires,-38.5841892126256,-62.1694174494415
06735,San Antonio de Areco,06,Buenos Aires,-34.2207575658705,-59.5194434817548
06511,Maipú,06,Buenos Aires,-36.886933208215,-57.5861191040468
06280,General Alvarado,06,Buenos Aires,-38.2026277127362,-58.0718053725136
06357,General Pueyrredón,06,Buenos Aires,-37.9656831422541,-57.743028347627
06518,Mar Chiquita,06,Buenos Aires,-37.4986405981654,-57.6432660560016
06868,Villa Gesell,06,Buenos Aires,-37.3670719558785,-57.0633978822493
06644,Pinamar,06,Buenos Aires,-37.1110742904936,-56.8702834122236
06336,General Lavalle,06,Buenos Aires,-36.650750377237,-56.9410029895247
06420,La Costa,06,Buenos Aires,-36.6971678213727,-56.7159402751909
06505,Magdalena,06,Buenos Aires,-35.1851030703307,-57.6861279818118
18175,Sauce,18,Corrientes,-29.9995030631702,-58.7949968561603
06861,Vicente López,06,Buenos Aires,-34.52653142362,-58.5044865130649
66098,La Viña,66,Salta,-25.4471786730855,-65.5805831392571
06672,Rauch,06,Buenos Aires,-36.5721944489319,-58.9441413666159
66112,Metán,66,Salta,-25.4252109663753,-64.5880714654829
66119,Molinos,66,Salta,-25.5643165283563,-66.4548727525442
22112,O'Higgins,22,Chaco,-27.2556537688374,-60.6799749172166
06560,Moreno,06,Buenos Aires,-34.6106807864965,-58.8108985084565
06427,La Matanza,06,Buenos Aires,-34.7703481015398,-58.6254456945004
06791,Tandil,06,Buenos Aires,-37.3364293166464,-59.1819827896233
06203,Coronel Suárez,06,Buenos Aires,-37.534856250067,-61.8890922422146
46035,Chamical,46,La Rioja,-30.1676450229169,-65.9564977168655
26035,Futaleufú,26,Chubut,-43.0705971248375,-71.4554653748233
78049,Río Chico,78,Santa Cruz,-48.2873290195571,-71.113837498627
62077,San Antonio,62,Río Negro,-40.9526636914294,-65.3712443332326
86014,Alberdi,86,Santiago del Estero,-26.5210423501695,-62.7280139284021
86098,Juan Felipe Ibarra,86,Santiago del Estero,-28.0394929915456,-62.5443747130478
86077,General Taboada,86,Santiago del Estero,-28.5683250686056,-62.3387633833787
06721,Salliqueló,06,Buenos Aires,-36.6717775352133,-63.0479735266054
06091,Berazategui,06,Buenos Aires,-34.8182447703794,-58.155461508679
66049,General Güemes,66,Salta,-24.7646021168635,-64.9560620821107
66154,San Carlos,66,Salta,-25.8295042903902,-66.1746708204562
06343,General Paz,06,Buenos Aires,-35.466183010272,-58.389651959253
06308,General Guido,06,Buenos Aires,-36.6660345415851,-57.9957365952016
06315,General Juan Madariaga,06,Buenos Aires,-37.1535157186092,-57.2306605949345
78028,Lago Argentino,78,Santa Cruz,-49.8364881436802,-72.06547133431
86154,Rivadavia,86,Santiago del Estero,-30.0205069976617,-62.280260406999
86126,Ojo de Agua,86,Santiago del Estero,-29.3043766197306,-64.0144967880943
86063,Choya,86,Santiago del Estero,-28.7541678003854,-64.7638924389835
74042,Gobernador Dupuy,74,San Luis,-35.3684506230675,-65.809487372821
66014,Cachi,66,Salta,-25.038755786337,-66.2026200885047
66042,Chicoana,66,Salta,-25.1514413324719,-65.6063327574043
26042,Gaiman,26,Chubut,-43.2725140893505,-66.1720705793314
26077,Rawson,26,Chubut,-43.1373292631623,-65.0757170605931
46077,General Lamadrid,46,La Rioja,-28.7904386774179,-68.6975444932226
74007,Ayacucho,74,San Luis,-32.1657217092103,-66.5423618070089
22036,12 de Octubre,22,Chaco,-27.3333760774448,-61.4758065480051
14175,Tulumba,14,Córdoba,-30.2195169248248,-63.8287887197042
14028,Cruz del Eje,14,Córdoba,-30.6567576546802,-65.0782065927095
14091,Punilla,14,Córdoba,-31.2187582835824,-64.5858722176043
02042,Comuna 6,02,Ciudad Autónoma de Buenos Aires,-34.6168433901026,-58.4435682279951
50112,Santa Rosa,50,Mendoza,-33.6169989146657,-67.9638561142682
22063,General Güemes,22,Chaco,-25.212576905898,-61.3344270231873
46084,General Ortiz de Ocampo,46,La Rioja,-31.0067607030974,-66.0589849758729
14035,General Roca,14,Córdoba,-34.6231276675475,-64.3730221441911
34042,Pilagás,34,Formosa,-25.1053773069172,-58.6616277481182
34021,Laishi,34,Formosa,-26.4675822193402,-58.5654632415076
50084,Rivadavia,50,Mendoza,-33.4170768899779,-68.6049732994365
06819,Tornquist,06,Buenos Aires,-38.2576421634805,-62.2905659977374
50042,La Paz,50,Mendoza,-33.7012853202088,-67.2497236922759
06196,Coronel Pringles,06,Buenos Aires,-38.1479172688233,-61.2644174529926
62028,Conesa,62,Río Negro,-40.1487161931233,-64.3049127228304
06875,Villarino,06,Buenos Aires,-39.1285652325867,-62.7245989548872
34056,Pirané,34,Formosa,-25.7672913544641,-59.1592563969217
06351,General Pinto,06,Buenos Aires,-34.6696214541604,-62.0398536742269
06742,San Cayetano,06,Buenos Aires,-38.3890731972465,-59.5863264400332
06833,Tres Arroyos,06,Buenos Aires,-38.5118142752579,-60.2374173247047
06189,Coronel Dorrego,06,Buenos Aires,-38.6708176079735,-61.0955505728699
06581,Necochea,06,Buenos Aires,-38.2554110045679,-59.1673869468897
46105,Independencia,46,La Rioja,-30.1144556417024,-67.3355098029644
06218,Chascomús,06,Buenos Aires,-35.6186883086057,-57.9039810685242
06655,Punta Indio,06,Buenos Aires,-35.4260558765566,-57.3992340402061
38014,El Carmen,38,Jujuy,-24.4475372667752,-65.1012859046503
14147,Santa María,14,Córdoba,-31.7097123126909,-64.3059021632813
62084,Valcheta,62,Río Negro,-40.9744584304307,-66.3108907979663
46007,Arauco,46,La Rioja,-28.5330436663011,-66.7191026010202
06466,Lezama,06,Buenos Aires,-35.8492083919939,-57.8948443895452
06126,Campana,06,Buenos Aires,-34.1383889592817,-58.8829573786215
78042,Magallanes,78,Santa Cruz,-48.8383418227095,-68.4681621290535
78007,Corpen Aike,78,Santa Cruz,-49.9474837008291,-69.4469507226845
14070,Minas,14,Córdoba,-31.0350313100891,-65.4119724397194
14126,San Alberto,14,Córdoba,-31.7080283283874,-65.1565147370037
14119,Río Segundo,14,Córdoba,-31.7331087895549,-63.4748555205649
14140,San Justo,14,Córdoba,-31.242567096662,-62.5275890566991
14182,Unión,14,Córdoba,-32.8783816611385,-62.7915970558691
14161,Tercero Arriba,14,Córdoba,-32.2876800226932,-63.77900489607
66035,Cerrillos,66,Salta,-24.9885439364757,-65.4038161087861
14098,Río Cuarto,14,Córdoba,-33.330534188986,-64.4931343088767
50126,Tupungato,50,Mendoza,-33.2934009869539,-69.2962859030556
62049,9 de Julio,62,Río Negro,-40.9255514713631,-67.4574916560521
62056,Ñorquinco,62,Río Negro,-41.7398229279456,-70.4011459093449
50105,San Rafael,50,Mendoza,-34.9454490543358,-68.384239783985
66007,Anta,66,Salta,-24.8754563539578,-63.8397263286188
58098,Picún Leufú,58,Neuquén,-39.4039652237483,-69.427190720517
58112,Zapala,58,Neuquén,-38.9221765260283,-69.8223682005858
62091,25 de Mayo,62,Río Negro,-41.1330450365746,-68.9063262041627
26105,Telsen,26,Chubut,-42.4388519406853,-67.176877305263
62070,Pilcaniyeu,62,Río Negro,-40.8875523576138,-70.4627105357719
06007,Adolfo Alsina,06,Buenos Aires,-37.196762082356,-63.0560551528803
50014,General Alvear,50,Mendoza,-35.2188456896959,-67.0805881742222
66077,La Caldera,66,Salta,-24.5623996239199,-65.4290994435937
22154,Sargento Cabral,22,Chaco,-26.7997133020842,-59.5191057139149
06616,Pellegrini,06,Buenos Aires,-36.2711917055859,-63.2257521123403
58007,Aluminé,58,Neuquén,-39.1314863536249,-71.0463179632078
66070,Iruya,66,Salta,-22.8153452313602,-64.9205141250691
58056,Lácar,58,Neuquén,-40.314223088982,-71.1842639628873
10063,Fray Mamerto Esquiú,10,Catamarca,-28.3343382720204,-65.731187897962
10112,Valle Viejo,10,Catamarca,-28.6000684837485,-65.7079324164837
18133,San Cosme,18,Corrientes,-27.3822986767274,-58.5174742251831
26091,Sarmiento,26,Chubut,-45.3450926864638,-69.0028400019161
02007,Comuna 1,02,Ciudad Autónoma de Buenos Aires,-34.6064435423382,-58.3715117424742
02028,Comuna 4,02,Ciudad Autónoma de Buenos Aires,-34.6421128950646,-58.3875614030278
62035,El Cuy,62,Río Negro,-39.7003601698155,-68.4827895211107
50049,Las Heras,50,Mendoza,-32.5246239358788,-69.2679113756459
22161,Tapenagá,22,Chaco,-27.6596299369227,-59.827840211346
50056,Lavalle,50,Mendoza,-32.5754675617188,-67.8966912637568
50077,Malargüe,50,Mendoza,-36.1589400383152,-69.3130810458033
14084,Presidente Roque Sáenz Peña,14,Córdoba,-34.1404893695479,-63.4188652087471
58021,Catán Lil,58,Neuquén,-39.4807942919835,-70.4335593332114
22119,Presidencia de la Plaza,22,Chaco,-27.0446247369186,-59.7745640420007
02035,Comuna 5,02,Ciudad Autónoma de Buenos Aires,-34.6173699237915,-58.4205721902504
18049,Esquina,18,Corrientes,-29.985327366863,-59.2413818424126
94015,Ushuaia,94,"Tierra del Fuego, Antártida e Islas del Atlántico Sur",-54.7704676359158,-66.6836200601613
10028,Antofagasta de la Sierra,10,Catamarca,-25.9467556410811,-67.6778798484787
06245,Ensenada,06,Buenos Aires,-34.8421497421872,-57.9791090925538
90084,Capital,90,Tucumán,-26.8332209186353,-65.2170208037282
82007,Belgrano,82,Santa Fe,-32.6104361547012,-61.7047364516353
06623,Pergamino,06,Buenos Aires,-33.8360668139653,-60.5447828161659
06651,Puán,06,Buenos Aires,-38.0760763207387,-63.0574326099086
06392,General Villegas,06,Buenos Aires,-34.7702605023112,-62.9541988413061
02084,Comuna 12,02,Ciudad Autónoma de Buenos Aires,-34.5662276068999,-58.4904280414968
82049,General Obligado,82,Santa Fe,-28.672536399396,-59.5266963989458
82133,Vera,82,Santa Fe,-28.9706345150851,-60.4136679252075
82077,9 de Julio,82,Santa Fe,-28.8486776771703,-61.3979945646643
62007,Adolfo Alsina,62,Río Negro,-40.7916894116905,-63.7651004404077
22133,Quitilipi,22,Chaco,-26.6663185244379,-60.1729742758302
78021,Güer Aike,78,Santa Cruz,-51.4134125039336,-70.5618155469082
10042,Capayán,10,Catamarca,-28.9094976289814,-65.9017191021383
90007,Burruyacú,90,Tucumán,-26.5305481465544,-64.8195981132229
82105,San Jerónimo,82,Santa Fe,-32.1537713587336,-61.0481265782097
22070,Independencia,22,Chaco,-26.735179032354,-60.7563736019567
18035,Curuzú Cuatiá,18,Corrientes,-29.6954668055505,-58.3248599040647
50063,Luján de Cuyo,50,Mendoza,-33.0384947617689,-69.4516850524047
10105,Tinogasta,10,Catamarca,-27.5418355834148,-67.9307422147195
02049,Comuna 7,02,Ciudad Autónoma de Buenos Aires,-34.636554414358,-58.4518868569654
42077,Hucal,42,La Pampa,-37.9792315730965,-63.9544864276514
18077,Itatí,18,Corrientes,-27.3460559292444,-58.0713817911441
02070,Comuna 10,02,Ciudad Autónoma de Buenos Aires,-34.6278517920976,-58.5028178465965
42014,Caleu Caleu,42,La Pampa,-38.6756398635536,-63.8968185406946
42084,Lihuel Calel,42,La Pampa,-38.2616348854642,-65.0966893102146
42042,Curacó,42,La Pampa,-38.1797329921075,-66.330067375997
58035,Confluencia,58,Neuquén,-38.8322794945189,-68.7940772839278
58105,Picunches,58,Neuquén,-38.5742773422999,-70.3729610459357
58014,Añelo,58,Neuquén,-38.0983759451619,-69.0157147264732
58063,Loncopué,58,Neuquén,-38.0659451614955,-70.3142327793889
58084,Ñorquín,58,Neuquén,-37.6381186650332,-70.6780421229319
58091,Pehuenches,58,Neuquén,-37.3984094176891,-69.4030432724945
02077,Comuna 11,02,Ciudad Autónoma de Buenos Aires,-34.6061370106731,-58.4967420076817
54084,Montecarlo,54,Misiones,-26.6579081868111,-54.5631774506644
54042,Eldorado,54,Misiones,-26.3138449972573,-54.4407363386816
54112,San Pedro,54,Misiones,-26.62996077436,-53.9629780421788
94028,Antártida Argentina,94,"Tierra del Fuego, Antártida e Islas del Atlántico Sur",-82.7776766547034,-50.6480306037361
58077,Minas,58,Neuquén,-36.8585578940124,-70.78364814983
58042,Chos Malal,58,Neuquén,-36.8805641891102,-70.2863793101158
26014,Cushamen,26,Chubut,-42.3663973043627,-70.7119978032417
78035,Lago Buenos Aires,78,Santa Cruz,-46.8342043710739,-70.6313995743965
62063,Pichi Mahuida,62,Río Negro,-39.4076049744942,-64.4007362191104
86175,San Martín,86,Santiago del Estero,-28.1877612839021,-63.854114579261
38112,Yavi,38,Jujuy,-22.290645260596,-65.5667394207971
38077,Santa Catalina,38,Jujuy,-22.1376406851166,-66.227261407729
38063,San Pedro,38,Jujuy,-24.2985083171115,-64.8109899059972
38105,Valle Grande,38,Jujuy,-23.4666140607053,-65.0120193444126
34035,Patiño,34,Formosa,-24.8750081858591,-59.9584280130313
34007,Bermejo,34,Formosa,-24.0254990220968,-61.2828611773469
38084,Susques,38,Jujuy,-23.5206710927029,-66.6617118803761
34028,Matacos,34,Formosa,-23.8544865427827,-62.0770650055764
66105,Los Andes,66,Salta,-24.6426248978878,-67.3440956899683
66126,Orán,66,Salta,-23.4987916315192,-64.150945650256
38094,Tilcara,38,Jujuy,-23.5604015183698,-65.3200105901478
38042,Palpalá,38,Jujuy,-24.1949225166052,-65.1264498101135
42098,Loventué,42,La Pampa,-36.4785080840981,-65.533063651288
26084,Río Senguer,26,Chubut,-45.3405591890669,-70.6400850098256
62021,Bariloche,62,Río Negro,-41.4981376652733,-71.5310863063756
58049,Huiliches,58,Neuquén,-39.7946776781884,-71.2590025540624
42091,Limay Mahuida,42,La Pampa,-37.2419021199685,-66.5552326917265
42112,Puelén,42,La Pampa,-37.4345215375332,-67.6045329036613
42049,Chalileo,42,La Pampa,-36.395699692841,-66.5727424085761
42063,Chical Co,42,La Pampa,-36.3969736431163,-67.6944669009179
86140,Quebrachos,86,Santiago del Estero,-29.3883234023198,-63.3484161216539
18112,Monte Caseros,18,Corrientes,-30.2289612354938,-57.870301871575
22098,Mayor Luis J. Fontana,22,Chaco,-27.7429616104984,-60.6567128818538
22043,Fray Justo Santa María de Oro,22,Chaco,-27.8647076723602,-61.3012288739823
46063,General Belgrano,46,La Rioja,-30.5778081168076,-65.9324739936757
82070,Las Colonias,82,Santa Fe,-31.3153379040603,-61.1094808023915
82112,San Justo,82,Santa Fe,-30.5304248144909,-60.4886940672178
82091,San Cristóbal,82,Santa Fe,-30.2283897206038,-61.3599372073841
82098,San Javier,82,Santa Fe,-30.1041461062467,-59.8980704736792
42056,Chapaleufú,42,La Pampa,-35.2298937893695,-63.6603750662124
42133,Realicó,42,La Pampa,-35.2306620563122,-64.2098498059179
42105,Maracó,42,La Pampa,-35.6796161112326,-63.6624899647122
42147,Trenel,42,La Pampa,-35.631875013139,-64.2143766255202
86056,Copo,86,Santiago del Estero,-25.9391612005653,-62.7310972270609
42021,Capital,42,La Pampa,-36.4980625982423,-64.198128304565
38070,Santa Bárbara,38,Jujuy,-24.007640144548,-64.4023116738515
22007,Almirante Brown,22,Chaco,-25.7452119099225,-61.9589813624119
66140,Rosario de la Frontera,66,Salta,-25.8715613006323,-64.7288089239246
58028,Collón Curá,58,Neuquén,-40.0529194288429,-70.2813667759367
02021,Comuna 3,02,Ciudad Autónoma de Buenos Aires,-34.6138430816924,-58.4026514511807
06749,San Fernando,06,Buenos Aires,-34.1558361119161,-58.5345816568901
06805,Tigre,06,Buenos Aires,-34.382019907997,-58.5881738725709
10091,Santa María,10,Catamarca,-26.7734648563207,-66.2612705245824
10098,Santa Rosa,10,Catamarca,-28.082107971849,-65.3350824661739
10070,La Paz,10,Catamarca,-29.3955036215545,-65.1920338746874
86147,Río Hondo,86,Santiago del Estero,-27.4855424248983,-64.7601169003321
46098,Vinchina,46,La Rioja,-28.3166977149073,-68.5252928296074
46014,Capital,46,La Rioja,-29.4605896547988,-66.3526000997493
14112,Río Seco,14,Córdoba,-30.0450412488063,-63.1990187799045
62014,Avellaneda,62,Río Negro,-39.4102626929359,-66.20639651701
62042,General Roca,62,Río Negro,-38.5298947783261,-67.5574036622512
74014,Belgrano,74,San Luis,-32.7356111326592,-66.7150525486673
58070,Los Lagos,58,Neuquén,-40.7743503720999,-71.4867232511371
10049,Capital,10,Catamarca,-28.4117889646495,-65.8367262921682
10014,Ancasti,10,Catamarca,-28.9274130674418,-65.504299177941
10084,Pomán,10,Catamarca,-28.2337589059236,-66.3888045363986
02014,Comuna 2,02,Ciudad Autónoma de Buenos Aires,-34.5857888788086,-58.3949035422527
22105,9 de Julio,22,Chaco,-26.9436383020752,-61.264612522285
14077,Pocho,14,Córdoba,-31.4627416617352,-65.4351550968219
06270,Ezeiza,06,Buenos Aires,-34.8760968437468,-58.5647013731149
10021,Andalgalá,10,Catamarca,-27.5728459104474,-66.3731024938335
10007,Ambato,10,Catamarca,-28.0199741656262,-65.9227878835948
02056,Comuna 8,02,Ciudad Autónoma de Buenos Aires,-34.6745664758358,-58.461948060155
86084,Guasayán,86,Santiago del Estero,-27.9768511960939,-64.8712241216861
10077,Paclín,10,Catamarca,-28.1103167424607,-65.6743180153264
10056,El Alto,10,Catamarca,-28.4317063831316,-65.3604289203864
14154,Sobremonte,14,Córdoba,-29.7643092597004,-64.1425182645874
94008,Río Grande,94,"Tierra del Fuego, Antártida e Islas del Atlántico Sur",-53.7462919871752,-68.1361046544505
02091,Comuna 13,02,Ciudad Autónoma de Buenos Aires,-34.5541262964697,-58.4540029618054
86035,Banda,86,Santiago del Estero,-27.4347067680665,-64.2098658068652
26070,Paso de Indios,26,Chubut,-44.0301843801728,-68.6858628378531
14014,Capital,14,Córdoba,-31.4167568770155,-64.1835837727284
26063,Mártires,26,Chubut,-43.8138479495924,-67.2399811031767
86182,Sarmiento,86,Santiago del Estero,-28.1061147414452,-63.4461751488241
78014,Deseado,78,Santa Cruz,-47.3305629962178,-68.0290548030539
26056,Languiñeo,26,Chubut,-43.3234918785199,-70.3484079877641
86042,Belgrano,86,Santiago del Estero,-29.0815053728088,-62.2182795085019
86007,Aguirre,86,Santiago del Estero,-29.2979732282428,-62.5150973801298
22091,Maipú,22,Chaco,-26.3190099893669,-60.4546439783309
50091,San Carlos,50,Mendoza,-34.0755248766466,-69.0973090508602
50119,Tunuyán,50,Mendoza,-33.6228877049098,-69.5092965661889
86161,Robles,86,Santiago del Estero,-27.8539440726978,-63.9075092603375
86105,Loreto,86,Santiago del Estero,-28.6244804370084,-64.3107274308462
42028,Catriló,42,La Pampa,-36.581670209145,-63.6648685343036
86049,Capital,86,Santiago del Estero,-27.8847652276627,-64.435667540413
02098,Comuna 14,02,Ciudad Autónoma de Buenos Aires,-34.573874740768,-58.4222940810483
30008,Colón,30,Entre Ríos,-32.0114827530749,-58.3699129592392
30113,Villaguay,30,Entre Ríos,-31.6477388964372,-59.0594708103114
06168,Castelli,06,Buenos Aires,-36.0414897439213,-57.6574251943684
30088,San Salvador,30,Entre Ríos,-31.576883538854,-58.4863728567569
10035,Belén,10,Catamarca,-27.1019560038189,-66.9224805098511
06028,Almirante Brown,06,Buenos Aires,-34.8356191132679,-58.36737293295
30077,Nogoyá,30,Entre Ríos,-32.2187123476403,-59.7697019154662
30091,Tala,30,Entre Ríos,-32.3174117218427,-59.2672864854832
30049,Gualeguay,30,Entre Ríos,-33.1192366285416,-59.6014598265182
30028,Federación,30,Entre Ríos,-30.7348532046962,-58.1591551818899
30070,La Paz,30,Entre Ríos,-30.8973573249588,-59.5004308899395
30042,Feliciano,30,Entre Ríos,-30.4138996015365,-58.7288907563202
06648,Presidente Perón,06,Buenos Aires,-34.9298478405731,-58.3980842106611
06413,Junín,06,Buenos Aires,-34.5464751322689,-61.0052501278322
06119,Brandsen,06,Buenos Aires,-35.2225197990076,-58.1752339039367
06224,Chivilcoy,06,Buenos Aires,-34.915487328433,-59.9584194881488
06021,Alberti,06,Buenos Aires,-35.0369685106341,-60.2819765918318
06112,Bragado,06,Buenos Aires,-35.0614122707821,-60.6040466528095
06329,General Las Heras,06,Buenos Aires,-34.9094243780878,-58.9954466211925
06147,Carlos Casares,06,Buenos Aires,-35.7499222140362,-61.3743777867738
06525,Marcos Paz,06,Buenos Aires,-34.8140029646158,-58.8478312046572
06385,General Viamonte,06,Buenos Aires,-34.9977788912459,-61.0496572343522
06154,Carlos Tejedor,06,Buenos Aires,-35.3797449374452,-62.4297895789754
06854,25 de Mayo,06,Buenos Aires,-35.527208971772,-60.2302837885052
06588,9 de Julio,06,Buenos Aires,-35.4812271475831,-60.975425441559
06609,Pehuajó,06,Buenos Aires,-35.8836208341768,-61.9281257343997
06798,Tapalqué,06,Buenos Aires,-36.3471436403082,-60.1310650281756
06826,Trenque Lauquen,06,Buenos Aires,-36.0567662720701,-62.6350797832329
06301,General Belgrano,06,Buenos Aires,-35.8346623469788,-58.6980799686583
06547,Monte,06,Buenos Aires,-35.5098267581846,-58.7672358382292
06693,Roque Pérez,06,Buenos Aires,-35.481635701192,-59.3575118159751
06595,Olavarría,06,Buenos Aires,-36.8576340464573,-60.6702054013071
06539,Merlo,06,Buenos Aires,-34.7110032783084,-58.7419584139756
54014,Cainguás,54,Misiones,-27.1478365768268,-54.8023437852311
94021,Islas del Atlántico Sur,94,"Tierra del Fuego, Antártida e Islas del Atlántico Sur",-52.5006628799787,-53.4026402162418
06260,Esteban Echeverría,06,Buenos Aires,-34.8312135656106,-58.4769479291405
06077,Arrecifes,06,Buenos Aires,-34.0118119181559,-60.0626641477636
06140,Capitán Sarmiento,06,Buenos Aires,-34.1498445273572,-59.8540147848747
38021,Dr. Manuel Belgrano,38,Jujuy,-24.0891183755518,-65.4478782461086
06161,Carmen de Areco,06,Buenos Aires,-34.4067977883926,-59.8844134882327
06714,Salto,06,Buenos Aires,-34.2710777868364,-60.3052878686828
06266,Exaltación de la Cruz,06,Buenos Aires,-34.2951342236201,-59.1559461316089
06760,San Miguel,06,Buenos Aires,-34.5521343486779,-58.6917835230047
06728,San Andrés de Giles,06,Buenos Aires,-34.4377314289072,-59.4731985905145
06532,Mercedes,06,Buenos Aires,-34.6973213261419,-59.4204811393582
06638,Pilar,06,Buenos Aires,-34.4481640053043,-58.9033327303822
06497,Luján,06,Buenos Aires,-34.5673224195595,-59.1584564399668
90028,Famaillá,90,Tucumán,-26.9759689777425,-65.4789084982894
06408,Hurlingham,06,Buenos Aires,-34.5992830551765,-58.6495253867317
06568,Morón,06,Buenos Aires,-34.6493861631091,-58.6198317111492
06210,Chacabuco,06,Buenos Aires,-34.6182002950801,-60.3543081129662
50035,Junín,50,Mendoza,-33.1503940875751,-68.4973606539186
06515,Malvinas Argentinas,06,Buenos Aires,-34.4873113444512,-58.7121372415949
06847,Tres Lomas,06,Buenos Aires,-36.4971002162064,-62.8639077725213
06042,Ayacucho,06,Buenos Aires,-37.0354309121063,-58.4425565239465
06399,Guaminí,06,Buenos Aires,-36.8906755108534,-62.4185310608382
06371,General San Martín,06,Buenos Aires,-34.5527719180977,-58.5642821761285
06469,Lincoln,06,Buenos Aires,-35.0704479695471,-61.6824583851265
06448,Laprida,06,Buenos Aires,-37.5165055849878,-60.7681481810422
06756,San Isidro,06,Buenos Aires,-34.4868929544319,-58.5372090766799
06084,Benito Juárez,06,Buenos Aires,-37.586110705761,-59.8883978406322
06175,Colón,06,Buenos Aires,-33.885864543958,-61.0624837286828
06410,Ituzaingó,06,Buenos Aires,-34.6360716118614,-58.6887595155761
06364,General Rodríguez,06,Buenos Aires,-34.6506156900812,-58.9878467982653
06784,Suipacha,06,Buenos Aires,-34.7485741352291,-59.7033860485774
06840,Tres de Febrero,06,Buenos Aires,-34.5960100738691,-58.5791883855736
46028,General Felipe Varela,46,La Rioja,-29.4499054722468,-68.3285566475246
06274,Florencio Varela,06,Buenos Aires,-34.8777448240057,-58.2585548857898
06574,Navarro,06,Buenos Aires,-35.0304844816228,-59.4293585541147
06134,Cañuelas,06,Buenos Aires,-35.1448044957896,-58.6910941846835
86119,Moreno,86,Santiago del Estero,-27.2982006559922,-62.4639026540336
22028,Chacabuco,22,Chaco,-27.1153502635495,-61.3088349505972
06778,San Vicente,06,Buenos Aires,-35.0715087168304,-58.4318120603267
06483,Lobos,06,Buenos Aires,-35.2195857860094,-59.1457418827425
06287,General Alvear,06,Buenos Aires,-36.0347106495852,-60.1331531037654
06658,Quilmes,06,Buenos Aires,-34.7349707991152,-58.2768580209942
06630,Pila,06,Buenos Aires,-36.2029842239612,-58.3404430505536
06322,General La Madrid,06,Buenos Aires,-37.3561277769109,-61.3441308948924
06105,Bolívar,06,Buenos Aires,-36.2989479582916,-61.1498600852285
46021,Castro Barros,46,La Rioja,-28.8599829479134,-66.918584755618
06063,Balcarce,06,Buenos Aires,-37.7146198082264,-58.2717475616555
06406,Hipólito Yrigoyen,06,Buenos Aires,-36.2591890205909,-61.660187626031
50007,Capital,50,Mendoza,-32.8828960440395,-68.893648801808
06238,Dolores,06,Buenos Aires,-36.3989376730385,-57.6319261244954
06049,Azul,06,Buenos Aires,-36.7859352165928,-59.696478337621
06231,Daireaux,06,Buenos Aires,-36.6408692174847,-61.8912495525965
50021,Godoy Cruz,50,Mendoza,-32.9320744395304,-68.9141362247952
66021,Cafayate,66,Salta,-26.1257489988731,-65.8767230578258
86070,Figueroa,86,Santiago del Estero,-27.3218567501665,-63.579632022065
06700,Saavedra,06,Buenos Aires,-37.7706381329573,-62.4343829136658
06553,Monte Hermoso,06,Buenos Aires,-38.9616237886799,-61.2921466954973
06476,Lobería,06,Buenos Aires,-38.090052818611,-58.6935497786696
06098,Berisso,06,Buenos Aires,-34.9093551143988,-57.8283797724826
06812,Tordillo,06,Buenos Aires,-36.3905151218837,-57.2738116449804
06882,Zárate,06,Buenos Aires,-33.9970897980955,-59.1282153004682
06665,Ramallo,06,Buenos Aires,-33.5871861466481,-60.0575064405905
06763,San Nicolás,06,Buenos Aires,-33.4829873308981,-60.2931487802824
86168,Salavina,86,Santiago del Estero,-28.9187435895832,-63.3035949539634
86133,Pellegrini,86,Santiago del Estero,-26.2199018368927,-64.0917498279144
86028,Avellaneda,86,Santiago del Estero,-28.555362665393,-63.20376658846
22039,2 de Abril,22,Chaco,-27.6198551557059,-61.3289519563791
50028,Guaymallén,50,Mendoza,-32.8929748154748,-68.7333034931406
14056,Juárez Celman,14,Córdoba,-33.3295744809665,-63.6063858554279
66028,Capital,66,Salta,-24.8897949232452,-65.2713224010013
86189,Silípica,86,Santiago del Estero,-28.1888486590344,-64.2732683808613
66084,La Candelaria,66,Salta,-26.0848731785427,-65.1760220468639
42126,Rancul,42,La Pampa,-35.408324405275,-64.7962057702449
50070,Maipú,50,Mendoza,-32.9797495635853,-68.6563133629426
66063,Guachipas,66,Salta,-25.7029584300217,-65.4445406244237
42007,Atreucó,42,La Pampa,-37.0324944038817,-63.7788849526284
50098,San Martín,50,Mendoza,-32.9140381657571,-68.2888458647488
42070,Guatraché,42,La Pampa,-37.4836471472851,-63.7813081297621
46126,Sanagasta,46,La Rioja,-29.1585269700836,-67.0658836337284
42035,Conhelo,42,La Pampa,-36.0320043909386,-64.5086492198133
54077,Libertador General San Martín,54,Misiones,-26.8931448896048,-54.9233629608393
46112,Rosario Vera Peñaloza,46,La Rioja,-31.4229834527921,-66.6741641296595
18154,San Miguel,18,Corrientes,-27.8758596571718,-57.4100421733803
46070,General Juan Facundo Quiroga,46,La Rioja,-30.8006382527121,-66.8678571954155
46056,Ángel Vicente Peñaloza,46,La Rioja,-30.3128975387926,-66.6630521188297
18042,Empedrado,18,Corrientes,-27.8961126654966,-58.665840300338
46042,Chilecito,46,La Rioja,-29.39593747537,-67.427886789152
42140,Toay,42,La Pampa,-36.662162152652,-64.6922110147401
14021,Colón,14,Córdoba,-31.1461809443167,-64.149086867857
18084,Ituzaingó,18,Corrientes,-27.9113085755074,-56.790098223735
46049,Famatina,46,La Rioja,-28.6973536209113,-67.5592543116777
82042,General López,82,Santa Fe,-33.9221898209726,-61.939680211795
82028,Constitución,82,Santa Fe,-33.4871399171909,-60.8374001304635
82014,Caseros,82,Santa Fe,-33.2249739383268,-61.5428621200429
82084,Rosario,82,Santa Fe,-33.1178472652264,-60.7232422315034
82119,San Lorenzo,82,Santa Fe,-32.9413325358441,-60.9640078882428
82056,Iriondo,82,Santa Fe,-32.7060836089974,-61.273387709005
06434,Lanús,06,Buenos Aires,-34.7056542439723,-58.3946965048442
46091,General San Martín,46,La Rioja,-31.6414651427458,-66.1458162300477
46119,San Blas de Los Sauces,46,La Rioja,-28.5432938438178,-67.1581352967929
38056,San Antonio,38,Jujuy,-24.3466655289394,-65.4465034514555
38049,Rinconada,38,Jujuy,-22.621441999219,-66.5415632203904
34063,Ramón Lista,34,Formosa,-23.120377014683,-62.1378892144612
66091,La Poma,66,Salta,-24.146976523836,-66.2072973644748
26007,Biedma,26,Chubut,-42.4435913808796,-64.9333479901808
18021,Capital,18,Corrientes,-27.5223367116017,-58.7624842360155
18140,San Luis del Palmar,18,Corrientes,-27.6020530782378,-58.2683508234644
34014,Formosa,34,Formosa,-25.9396352320143,-58.3773174492375
34049,Pilcomayo,34,Formosa,-25.3700377166163,-58.0626062654551
26098,Tehuelches,26,Chubut,-44.2001445034306,-70.5769493727789
26021,Escalante,26,Chubut,-45.2828915460529,-67.7088649201803
14049,Ischilín,14,Córdoba,-30.3985157855081,-64.609928019562
14168,Totoral,14,Córdoba,-30.7263442710895,-63.9844039885161
14042,General San Martín,14,Córdoba,-32.5143227869566,-63.2562056057504
14133,San Javier,14,Córdoba,-32.0760871294213,-65.1422236066015
14105,Río Primero,14,Córdoba,-31.0315240757859,-63.436114778127
14063,Marcos Juárez,14,Córdoba,-33.0308431509632,-62.2775947053165
22056,General Donovan,22,Chaco,-27.1388899905163,-59.3467829351985
06462,Leandro N. Alem,06,Buenos Aires,-34.4985652798534,-61.6125874742962
22084,Libertador General San Martín,22,Chaco,-26.3775454900773,-59.4877181570758
26049,Gastre,26,Chubut,-42.7490296126002,-68.8023248035912
06294,General Arenales,06,Buenos Aires,-34.2379020431362,-61.2833812257449
22014,Bermejo,22,Chaco,-26.9580421515067,-58.709116096044
14007,Calamuchita,14,Córdoba,-32.2020591306015,-64.6151725606746
90014,Cruz Alta,90,Tucumán,-26.9180036848972,-64.9738642266054
90063,Lules,90,Tucumán,-26.8622353459017,-65.4310245938907
90119,Yerba Buena,90,Tucumán,-26.7839244723358,-65.3411739273315
90105,Tafí Viejo,90,Tucumán,-26.6601491447319,-65.4640739296384
74063,Libertador General San Martín,74,San Luis,-32.5784192378867,-65.7095887718459
74021,Coronel Pringles,74,San Luis,-33.1068820570862,-65.9007902060388
74028,Chacabuco,74,San Luis,-32.7270768664399,-65.198209788321
06679,Rivadavia,06,Buenos Aires,-35.581056985938,-63.0947616852349
06602,Patagones,06,Buenos Aires,-40.1963833078675,-62.8508023633523
74056,Juan Martín de Pueyrredón,74,San Luis,-33.900714617211,-66.5024402257537
74035,General Pedernera,74,San Luis,-33.8922244453095,-65.5597745631101
90112,Trancas,90,Tucumán,-26.3434123363847,-65.4058207897255
90098,Tafí del Valle,90,Tucumán,-26.5914686020616,-65.8893504834043
02063,Comuna 9,02,Ciudad Autónoma de Buenos Aires,-34.6517887970418,-58.4991751735853
74049,Junín,74,San Luis,-32.2163016656263,-65.3948431186635
86112,Mitre,86,Santiago del Estero,-29.6150490318213,-62.7386757564942
86021,Atamisqui,86,Santiago del Estero,-28.6918181695012,-63.8815639977726
18014,Berón de Astrada,18,Corrientes,-27.4779704395686,-57.6113807712108
94011,Tolhuin,94,"Tierra del Fuego, Antártida e Islas del Atlántico Sur",-54.4245608947124,-67.5034849447963
54028,Capital,54,Misiones,-27.5505259291655,-55.8565833366475
54021,Candelaria,54,Misiones,-27.4608500546705,-55.5826900383218
86091,Jiménez,86,Santiago del Estero,-26.8996081032586,-64.2724736671085
06182,Coronel de Marina Leonardo Rosales,06,Buenos Aires,-38.8490773280679,-61.8355844196542
06070,Baradero,06,Buenos Aires,-33.9319613769628,-59.4927871380553
06770,San Pedro,06,Buenos Aires,-33.7809860202918,-59.7826260109294
66161,Santa Victoria,66,Salta,-22.3958917322092,-64.8955647956079
66056,General José de San Martín,66,Salta,-22.7144623805907,-63.6582864287813
66133,Rivadavia,66,Salta,-23.5194718277586,-62.8285940219747
66147,Rosario de Lerma,66,Salta,-24.5457519055916,-65.8530078405525
38035,Ledesma,38,Jujuy,-23.7854859185353,-64.8288746330382
38028,Humahuaca,38,Jujuy,-23.0820099180032,-65.4095227491295
38007,Cochinoca,38,Jujuy,-22.9392130779775,-65.9347260935414
38098,Tumbaya,38,Jujuy,-23.7434749479331,-65.6961901966194
06277,Florentino Ameghino,06,Buenos Aires,-34.8741058055206,-62.4017162645879
26028,Florentino Ameghino,26,Chubut,-44.4231369267293,-66.1302641083269
90049,La Cocha,90,Tucumán,-27.7940604809292,-65.5977877083311
90035,Graneros,90,Tucumán,-27.7132775964524,-65.2550360276541
90042,Juan Bautista Alberdi,90,Tucumán,-27.6060757021473,-65.7831912587906
90077,Río Chico,90,Tucumán,-27.4501203542874,-65.7518266389415
90091,Simoca,90,Tucumán,-27.4238370613532,-65.2924847788807
90021,Chicligasta,90,Tucumán,-27.2696018679715,-65.8110637206058
90070,Monteros,90,Tucumán,-27.1106201705702,-65.6430768814482
90056,Leales,90,Tucumán,-27.1918831757327,-65.0848647351414
82126,San Martín,82,Santa Fe,-32.0122706461745,-61.8090742014148
82063,La Capital,82,Santa Fe,-31.4753563668226,-60.6694790136058
54049,General Manuel Belgrano,54,Misiones,-25.9784317106931,-53.9638550967802
54056,Guaraní,54,Misiones,-27.0262348990631,-54.2693651314473
54063,Iguazú,54,Misiones,-25.8747354911285,-54.4004185890739
54119,25 de Mayo,54,Misiones,-27.3786143619873,-54.6340904863083
54091,Oberá,54,Misiones,-27.4763636010381,-55.0712221113606
82021,Castellanos,82,Santa Fe,-31.2314615495091,-61.6572584461682
82035,Garay,82,Santa Fe,-31.0546413334486,-60.1258077355938
42119,Quemú Quemú,42,La Pampa,-36.1306405658638,-63.6637300134466
54098,San Ignacio,54,Misiones,-27.1765939471765,-55.3392901736977
42154,Utracán,42,La Pampa,-37.3338794806419,-65.082831667763
18147,San Martín,18,Corrientes,-28.8289801487463,-56.9315835110542
18119,Paso de los Libres,18,Corrientes,-29.5936363396967,-57.2996338361445
18070,Goya,18,Corrientes,-29.4514535088561,-59.2559121520651
18091,Lavalle,18,Corrientes,-28.9879904880901,-58.9337232555635
18161,San Roque,18,Corrientes,-28.705807188664,-58.6130359023562
18056,General Alvear,18,Corrientes,-28.775163187308,-56.5115304340621
18028,Concepción,18,Corrientes,-28.4083995312262,-58.0313928425117
18007,Bella Vista,18,Corrientes,-28.4973870089949,-58.9304354321186
18168,Santo Tomé,18,Corrientes,-28.2311041286613,-56.2221766248194
18126,Saladas,18,Corrientes,-28.2124686853348,-58.6199128880477
18063,General Paz,18,Corrientes,-27.7199319611528,-57.7876331852429
54070,Leandro N. Alem,54,Misiones,-27.6306652583192,-55.3880677316604
54105,San Javier,54,Misiones,-27.7771031453698,-55.1674595937339
18098,Mburucuyá,18,Corrientes,-28.0163838994325,-58.1855639990468
54035,Concepción,54,Misiones,-27.9311673935877,-55.4670364912488
54007,Apóstoles,54,Misiones,-27.8887539522051,-55.6781134842867
22126,1° de Mayo,22,Chaco,-27.1678037354366,-58.9587415590109
22140,San Fernando,22,Chaco,-27.7156982892704,-59.1154439908292
22147,San Lorenzo,22,Chaco,-27.3933734765875,-60.3637302119912
06490,Lomas de Zamora,06,Buenos Aires,-34.7549679553956,-58.4240954303406
06035,Avellaneda,06,Buenos Aires,-34.6781993084404,-58.3411445451106
22168,25 de Mayo,22,Chaco,-26.8170406143405,-60.0184594861944
22049,General Belgrano,22,Chaco,-26.8478157545068,-61.0713338324887
22077,Libertad,22,Chaco,-27.3493250970289,-59.2597877694895
22021,Comandante Fernández,22,Chaco,-26.7853900358381,-60.4612869070114
02105,Comuna 15,02,Ciudad Autónoma de Buenos Aires,-34.5918836701535,-58.4627740218465
70042,Chimbas,70,San Juan,-31.4874196948537,-68.5239289663008
70028,Capital,70,San Juan,-31.5330748483668,-68.5342856277496
70084,Rivadavia,70,San Juan,-31.5542325394282,-68.6416232535725
70063,9 de Julio,70,San Juan,-31.6454181217339,-68.3891603884533
70007,Albardón,70,San Juan,-31.209735511428,-68.4521792374306
70014,Angaco,70,San Juan,-31.1922718652932,-68.1320483297946
70098,Santa Lucía,70,San Juan,-31.5327197592087,-68.4634100474193
70077,Rawson,70,San Juan,-31.6866317967417,-68.4675945970348
70126,25 de Mayo,70,San Juan,-31.9898921289958,-67.8268026426216
70091,San Martín,70,San Juan,-31.5285457556281,-68.2072669737396
70070,Pocito,70,San Juan,-31.7472539046839,-68.5846798192063
70133,Zonda,70,San Juan,-31.6417783563664,-68.9548418805416
70112,Ullum,70,San Juan,-31.0852853750901,-68.8823909182891
70105,Sarmiento,70,San Juan,-32.076116858425,-68.6870408796588
70021,Calingasta,70,San Juan,-31.4509359086826,-69.8318658247746
70049,Iglesia,70,San Juan,-29.6011907018103,-69.4387201063957
70056,Jáchal,70,San Juan,-30.3546413571108,-68.4399965840681
70119,Valle Fértil,70,San Juan,-30.7168856749658,-67.5276736787401
70035,Caucete,70,San Juan,-31.5069003261853,-67.5454408659079
06441,La Plata,06,Buenos Aires,-35.0038470156345,-58.0177777886077
18105,Mercedes,18,Corrientes,-29.0645067636205,-57.8183859330354
